Address,City,State,Zip,Tag
5682 YORKTOWN RD,,GA,,Tax Delinquent / Tax Sale
5518 LEGACY TRL,,GA,,Tax Delinquent / Tax Sale
5421 CARROLL DR,,GA,,Tax Delinquent / Tax Sale
5462 CENTRAL CHURCH RD,,GA,,Tax Delinquent / Tax Sale
5454 CENTRAL CHURCH RD,,GA,,Tax Delinquent / Tax Sale
3883 REFINEMENT WAY,,GA,,Tax Delinquent / Tax Sale
5731 POST RD,,GA,,Tax Delinquent / Tax Sale
6075 HICKORY BEND DR,,GA,,Tax Delinquent / Tax Sale
6694 LIVE OAK LN 30135 624,,GA,,Tax Delinquent / Tax Sale
5472 TYREE RD,,GA,,Tax Delinquent / Tax Sale
9442 CEDAR CREEK PL,,GA,,Tax Delinquent / Tax Sale
9446 CEDAR CREEK PL,,GA,,Tax Delinquent / Tax Sale
6823 WOODCREEK LN,,GA,,Tax Delinquent / Tax Sale
0 PINE ST OFF,,GA,,Tax Delinquent / Tax Sale
0 PINE ST,,GA,,Tax Delinquent / Tax Sale
0 WARREN DR,,GA,,Tax Delinquent / Tax Sale
0 JAMES D. SIMPSON AVE,,GA,,Tax Delinquent / Tax Sale
0 THOMPSON ST,,GA,,Tax Delinquent / Tax Sale
8120 THOMPSON ST,,GA,,Tax Delinquent / Tax Sale
0 HWY 92 N,,GA,,Tax Delinquent / Tax Sale
0 YOUNG ST,,GA,,Tax Delinquent / Tax Sale
8244 HWY 92 - DALLAS HWY,,GA,,Tax Delinquent / Tax Sale
8051 CARTEN ST,,GA,,Tax Delinquent / Tax Sale
8037 CARTEN ST,,GA,,Tax Delinquent / Tax Sale
0 UPSHAW MILL RD,,GA,,Tax Delinquent / Tax Sale
0 MORRIS DR,,GA,,Tax Delinquent / Tax Sale
0 HWY 92 - DALLAS HWY,,GA,,Tax Delinquent / Tax Sale
0 CAMP ST OFF,,GA,,Tax Delinquent / Tax Sale
8285 COURTLAND ST,,GA,,Tax Delinquent / Tax Sale
6289 COOPER ST,,GA,,Tax Delinquent / Tax Sale
6259 JOHNSON ST,,GA,,Tax Delinquent / Tax Sale
8910 COUNTRY CLUB DR,,GA,,Tax Delinquent / Tax Sale
6353 CORNELIA DR,,GA,,Tax Delinquent / Tax Sale
6300 DORSETT BRIDGE RD,,GA,,Tax Delinquent / Tax Sale
5027 HERITAGE VALLEY DR,,GA,,Tax Delinquent / Tax Sale
6828 CREEKWOOD DR,,GA,,Tax Delinquent / Tax Sale
4111 KINGSBERE WAY,,GA,,Tax Delinquent / Tax Sale
5104 ARISTA DR,,GA,,Tax Delinquent / Tax Sale
6621 WYNDALE DR,,GA,,Tax Delinquent / Tax Sale
6615 WYNDALE DR,,GA,,Tax Delinquent / Tax Sale
1107 LOCKHART WAY,,GA,,Tax Delinquent / Tax Sale
1103 LOCKHART WAY,,GA,,Tax Delinquent / Tax Sale
1101 LOCKHART WAY,,GA,,Tax Delinquent / Tax Sale
4141 KINGSBERE WAY,,GA,,Tax Delinquent / Tax Sale
2110 STILLHAVEN PL,,GA,,Tax Delinquent / Tax Sale
2112 STILLHAVEN PL,,GA,,Tax Delinquent / Tax Sale
2120 STILLHAVEN PL,,GA,,Tax Delinquent / Tax Sale
2122 STILLHAVEN PL,,GA,,Tax Delinquent / Tax Sale
2119 STILLHAVEN PL,,GA,,Tax Delinquent / Tax Sale
2111 STILLHAVEN PL,,GA,,Tax Delinquent / Tax Sale
2109 STILLHAVEN PL,,GA,,Tax Delinquent / Tax Sale
2103 STILLHAVEN PL,,GA,,Tax Delinquent / Tax Sale
5265 SANDBAR CV,,GA,,Tax Delinquent / Tax Sale
5190 CALGARY DR,,GA,,Tax Delinquent / Tax Sale
5049 CALGARY DR,,GA,,Tax Delinquent / Tax Sale
0 REYNOLDS RD OFF,,GA,,Tax Delinquent / Tax Sale
3545 LONG LAKE DR,,GA,,Tax Delinquent / Tax Sale
4988 CENTRAL CHURCH RD,,GA,,Tax Delinquent / Tax Sale
5023 BETH ST,,GA,,Tax Delinquent / Tax Sale
4918 SPRINGBROOK DR,,GA,,Tax Delinquent / Tax Sale
5237 HWY 5,,GA,,Tax Delinquent / Tax Sale
5265 WILDWOOD LN,,GA,,Tax Delinquent / Tax Sale
5319 HWY 5,,GA,,Tax Delinquent / Tax Sale
6930 SUMPTER CT,,GA,,Tax Delinquent / Tax Sale
5251 CAITLIN LN,,GA,,Tax Delinquent / Tax Sale
4923 GRIZZLY CT,,GA,,Tax Delinquent / Tax Sale
5572 LAIR LN,,GA,,Tax Delinquent / Tax Sale
5023 GRAY RD,,GA,,Tax Delinquent / Tax Sale
7275 COLONY LN,,GA,,Tax Delinquent / Tax Sale
4888 RABUN DR,,GA,,Tax Delinquent / Tax Sale
5030 STARLA LN,,GA,,Tax Delinquent / Tax Sale
4805 SMOKESTONE DR,,GA,,Tax Delinquent / Tax Sale
4815 SMOKESTONE DR,,GA,,Tax Delinquent / Tax Sale
0 ROSESTONE CT OFF,,GA,,Tax Delinquent / Tax Sale
8565 JENKINS RD,,GA,,Tax Delinquent / Tax Sale
4012 JOSHUA LN,,GA,,Tax Delinquent / Tax Sale
9808 FOREST HILL DR,,GA,,Tax Delinquent / Tax Sale
4685 FOREST TRL,,GA,,Tax Delinquent / Tax Sale
2806 HYDE PARK DR,,GA,,Tax Delinquent / Tax Sale
4627 CRESANT LN,,GA,,Tax Delinquent / Tax Sale
6105 COBBLESTONE CT,,GA,,Tax Delinquent / Tax Sale
9000 STONELEIGH TRCE,,GA,,Tax Delinquent / Tax Sale
8471 NEWMAN ST,,GA,,Tax Delinquent / Tax Sale
8470 HOSPITAL DR,,GA,,Tax Delinquent / Tax Sale
8549 WESTCHESTER DR,,GA,,Tax Delinquent / Tax Sale
8553 WESTCHESTER DR,,GA,,Tax Delinquent / Tax Sale
8557 WESTCHESTER DR,,GA,,Tax Delinquent / Tax Sale
8520 WESTCHESTER DR,,GA,,Tax Delinquent / Tax Sale
6179 JOHNSON ST,,GA,,Tax Delinquent / Tax Sale
0 HWY 92,,GA,,Tax Delinquent / Tax Sale
0 HOSPITAL DR,,GA,,Tax Delinquent / Tax Sale
8286 DURELEE LN,,GA,,Tax Delinquent / Tax Sale
2291 TREATY LN,,GA,,Tax Delinquent / Tax Sale
8615 E UNION HILL RD,,GA,,Tax Delinquent / Tax Sale
2927 STANWAY AVE,,GA,,Tax Delinquent / Tax Sale
0 CHAPEL HILL RD,,GA,,Tax Delinquent / Tax Sale
5837 SARAZEN TRL,,GA,,Tax Delinquent / Tax Sale
3152 GOLF RIDGE BLVD,,GA,,Tax Delinquent / Tax Sale
4489 CABINWOOD TURN,,GA,,Tax Delinquent / Tax Sale
0 POOL RD,,GA,,Tax Delinquent / Tax Sale
4002 JOSHUA LN,,GA,,Tax Delinquent / Tax Sale
4843 GRANNY LN,,GA,,Tax Delinquent / Tax Sale
4621 E GLEN RIDGE CIR,,GA,,Tax Delinquent / Tax Sale
6893 SPRING VALLEY CT,,GA,,Tax Delinquent / Tax Sale
6395 QUEENSDALE DR,,GA,,Tax Delinquent / Tax Sale
6335 QUEENSDALE DR,,GA,,Tax Delinquent / Tax Sale
6073 DORSETT SHOALS RD,,GA,,Tax Delinquent / Tax Sale
6075 SUMTER DR,,GA,,Tax Delinquent / Tax Sale
5756 SHOAL CREEK DR,,GA,,Tax Delinquent / Tax Sale
5835 N BEAR DR,,GA,,Tax Delinquent / Tax Sale
5845 N BEAR DR,,GA,,Tax Delinquent / Tax Sale
6006 S BEAR DR,,GA,,Tax Delinquent / Tax Sale
5945 S BEAR DR,,GA,,Tax Delinquent / Tax Sale
6184 MARILLA ST,,GA,,Tax Delinquent / Tax Sale
6290 S SKYLINE DR,,GA,,Tax Delinquent / Tax Sale
0 EVA CT OFF,,GA,,Tax Delinquent / Tax Sale
0 QUEENS RD OFF,,GA,,Tax Delinquent / Tax Sale
6917 LAUREL WOOD DR,,GA,,Tax Delinquent / Tax Sale
6814 ALEXANDER PKWY,,GA,,Tax Delinquent / Tax Sale
6820 MANOR CREEK DR,,GA,,Tax Delinquent / Tax Sale
4220 MASON CREEK RD,,GA,,Tax Delinquent / Tax Sale
7731 WINDSWEPT WAY,,GA,,Tax Delinquent / Tax Sale
4242 STERLING POINTE DR,,GA,,Tax Delinquent / Tax Sale
4574 SUNFLOWER DR,,GA,,Tax Delinquent / Tax Sale
3872 BOMAR RD,,GA,,Tax Delinquent / Tax Sale
4382 DANIELL MILL RD,,GA,,Tax Delinquent / Tax Sale
0 POST RD,,GA,,Tax Delinquent / Tax Sale
0 SADDLEBROOK CT,,GA,,Tax Delinquent / Tax Sale
9110 SADDLEBROOK CT,,GA,,Tax Delinquent / Tax Sale
2364 SLATER MILL RD,,GA,,Tax Delinquent / Tax Sale
0 SLATER MILL RD,,GA,,Tax Delinquent / Tax Sale
4040 DENTON DR,,GA,,Tax Delinquent / Tax Sale
3751 DENTON DR,,GA,,Tax Delinquent / Tax Sale
3864 CINDY DR,,GA,,Tax Delinquent / Tax Sale
3773 CINDY DR,,GA,,Tax Delinquent / Tax Sale
2426 ERIC LN,,GA,,Tax Delinquent / Tax Sale
3183 WARRENTON CT,,GA,,Tax Delinquent / Tax Sale
9095 KEATON CREEK DR,,GA,,Tax Delinquent / Tax Sale
9115 KEATON CREEK DR,,GA,,Tax Delinquent / Tax Sale
9152 KETTLE OVERLOOK,,GA,,Tax Delinquent / Tax Sale
3045 WALLACE LAKE RD,,GA,,Tax Delinquent / Tax Sale
3780 BROOKHOLLOW DR,,GA,,Tax Delinquent / Tax Sale
0 MOCCASIN LAKE RD,,GA,,Tax Delinquent / Tax Sale
3801 GREENBROOK DR,,GA,,Tax Delinquent / Tax Sale
3842 MONTICELLO ST,,GA,,Tax Delinquent / Tax Sale
4045 ANNEEWAKEE RD,,GA,,Tax Delinquent / Tax Sale
0 SIMON RD,,GA,,Tax Delinquent / Tax Sale
4175 LEOLA RD 30135 215,,GA,,Tax Delinquent / Tax Sale
3851 SWOOPING CT,,GA,,Tax Delinquent / Tax Sale
7466 CHERRY BLOSSOM WAY,,GA,,Tax Delinquent / Tax Sale
7456 CHERRY BLOSSOM WAY,,GA,,Tax Delinquent / Tax Sale
5010 WILDEOAK TRL,,GA,,Tax Delinquent / Tax Sale
6910 SILVER GRASS CT,,GA,,Tax Delinquent / Tax Sale
0 HWY 166,,GA,,Tax Delinquent / Tax Sale
4966 MOCKINGBIRD LN,,GA,,Tax Delinquent / Tax Sale
4120 FEATHER DR,,GA,,Tax Delinquent / Tax Sale
0 CENTRAL CHURCH RD,,GA,,Tax Delinquent / Tax Sale
5686 CENTRAL CHURCH RD,,GA,,Tax Delinquent / Tax Sale
5885 OAK CT,,GA,,Tax Delinquent / Tax Sale
3795 KINGS HWY,,GA,,Tax Delinquent / Tax Sale
4451 TUCKAHOE CT,,GA,,Tax Delinquent / Tax Sale
6375 AMBER DR,,GA,,Tax Delinquent / Tax Sale
4190 CHICKASAW TRL,,GA,,Tax Delinquent / Tax Sale
6599 BRIARCLIFF DR,,GA,,Tax Delinquent / Tax Sale
0 ANNEEWAKEE RD OFF,,GA,,Tax Delinquent / Tax Sale
3809 GEORGIA DR,,GA,,Tax Delinquent / Tax Sale
3208 CARMEL DR,,GA,,Tax Delinquent / Tax Sale
3291 JESSICA DR,,GA,,Tax Delinquent / Tax Sale
3301 JESSICA DR,,GA,,Tax Delinquent / Tax Sale
3425 SPRING RIDGE DR,,GA,,Tax Delinquent / Tax Sale
3862 POOL RD,,GA,,Tax Delinquent / Tax Sale
2742 BOMAR RD,,GA,,Tax Delinquent / Tax Sale
2739 WHISPER CT,,GA,,Tax Delinquent / Tax Sale
2715 WHISPER TRL,,GA,,Tax Delinquent / Tax Sale
0 WHISPER TRL OFF,,GA,,Tax Delinquent / Tax Sale
3121 BEAVER DR,,GA,,Tax Delinquent / Tax Sale
3205 POPE RD,,GA,,Tax Delinquent / Tax Sale
3412 LAKE MONROE RD,,GA,,Tax Delinquent / Tax Sale
0 ARNOLDS MILL OVERPASS OFF,,GA,,Tax Delinquent / Tax Sale
225 MILLWHEEL DR,,GA,,Tax Delinquent / Tax Sale
208 MILLSTREAM RDG,,GA,,Tax Delinquent / Tax Sale
7575 POST RD,,GA,,Tax Delinquent / Tax Sale
3445 EPHESUS HEIGHTS DR,,GA,,Tax Delinquent / Tax Sale
3547 POST RD,,GA,,Tax Delinquent / Tax Sale
8177 TYREE RD,,GA,,Tax Delinquent / Tax Sale
8810 CALLAWAY DR,,GA,,Tax Delinquent / Tax Sale
3517 BIRCHWOOD DR,,GA,,Tax Delinquent / Tax Sale
6379 EXECUTIVE DR,,GA,,Tax Delinquent / Tax Sale
6526 EXECUTIVE DR,,GA,,Tax Delinquent / Tax Sale
3551 ANNEEWAKEE RD,,GA,,Tax Delinquent / Tax Sale
6283 LAKEVIEW DR,,GA,,Tax Delinquent / Tax Sale
6292 LAKEVIEW DR,,GA,,Tax Delinquent / Tax Sale
3806 WILLOW TREE CIR,,GA,,Tax Delinquent / Tax Sale
3801 WILLOW TREE CIR,,GA,,Tax Delinquent / Tax Sale
2793 AMBER FOREST DR,,GA,,Tax Delinquent / Tax Sale
3558 YORK DR,,GA,,Tax Delinquent / Tax Sale
2940 LAKE MONROE RD,,GA,,Tax Delinquent / Tax Sale
4120 TARNWOOD PL,,GA,,Tax Delinquent / Tax Sale
4045 TARNWOOD PL,,GA,,Tax Delinquent / Tax Sale
5710 STEWART MILL RD,,GA,,Tax Delinquent / Tax Sale
3057 TARA WOODS DR,,GA,,Tax Delinquent / Tax Sale
2816 AUNT PITTY PAT LN,,GA,,Tax Delinquent / Tax Sale
2820 RHETT BUTLER DR,,GA,,Tax Delinquent / Tax Sale
9611 HWY 5,,GA,,Tax Delinquent / Tax Sale
3251 LAUADA CT,,GA,,Tax Delinquent / Tax Sale
6229 PINE LN,,GA,,Tax Delinquent / Tax Sale
3299 ORIOLE DR,,GA,,Tax Delinquent / Tax Sale
6144 PINE LN,,GA,,Tax Delinquent / Tax Sale
6095 COWAN MILL RD,,GA,,Tax Delinquent / Tax Sale
3317 SPREADING OAK DR,,GA,,Tax Delinquent / Tax Sale
0 MT VERNON RD,,GA,,Tax Delinquent / Tax Sale
2591 CHESTERBROOKE DR,,GA,,Tax Delinquent / Tax Sale
3279 ROBIN HOOD LN,,GA,,Tax Delinquent / Tax Sale
0 ROBIN HOOD LN OFF,,GA,,Tax Delinquent / Tax Sale
3105 HWY 92 - FAIRBURN RD,,GA,,Tax Delinquent / Tax Sale
0 MOUNTAIN BROOK CT,,GA,,Tax Delinquent / Tax Sale
3480 ANNEEWAKEE RD,,GA,,Tax Delinquent / Tax Sale
3363 N ANNEEWAKEE RD,,GA,,Tax Delinquent / Tax Sale
3235 THORNERIDGE TRL,,GA,,Tax Delinquent / Tax Sale
2580 HARRISON MILL DR 30135 441,,GA,,Tax Delinquent / Tax Sale
4055 JACKIE DR,,GA,,Tax Delinquent / Tax Sale
3197 MASON CREEK RD,,GA,,Tax Delinquent / Tax Sale
2520 HILDERBRAND DR,,GA,,Tax Delinquent / Tax Sale
0 RICHARDSON RD OFF,,GA,,Tax Delinquent / Tax Sale
3288 RICHARDSON RD,,GA,,Tax Delinquent / Tax Sale
3361 RICHARDSON RD,,GA,,Tax Delinquent / Tax Sale
0 BLACKBERRY LN OFF,,GA,,Tax Delinquent / Tax Sale
9780 POOLE RD,,GA,,Tax Delinquent / Tax Sale
3365 ECHO FALLS CT,,GA,,Tax Delinquent / Tax Sale
3340 ECHO FALLS CT,,GA,,Tax Delinquent / Tax Sale
9935 POOLE RD,,GA,,Tax Delinquent / Tax Sale
8066 RANNOCH MOOR DR,,GA,,Tax Delinquent / Tax Sale
9056 E CARROLL RD,,GA,,Tax Delinquent / Tax Sale
8955 OCHIL LN,,GA,,Tax Delinquent / Tax Sale
0 OCHIL LN OFF,,GA,,Tax Delinquent / Tax Sale
0 HWY 78,,GA,,Tax Delinquent / Tax Sale
3789 CHATTAHOOCHEE DR,,GA,,Tax Delinquent / Tax Sale
3799 CHATTAHOOCHEE DR,,GA,,Tax Delinquent / Tax Sale
9094 HWY 166,,GA,,Tax Delinquent / Tax Sale
8916 HWY 166,,GA,,Tax Delinquent / Tax Sale
2844 BUSBIN CT,,GA,,Tax Delinquent / Tax Sale
0 TIMMONS CIR,,GA,,Tax Delinquent / Tax Sale
2752 MT VERNON RD,,GA,,Tax Delinquent / Tax Sale
5953 TYREE RD,,GA,,Tax Delinquent / Tax Sale
3231 FOUNDERS WAY,,GA,,Tax Delinquent / Tax Sale
3001 CAMPGROUND RD,,GA,,Tax Delinquent / Tax Sale
2829 CAMPGROUND RD,,GA,,Tax Delinquent / Tax Sale
2829 CAMPGROUND RD,,GA,,Tax Delinquent / Tax Sale
0 JOHN WEST RD OFF,,GA,,Tax Delinquent / Tax Sale
0 VALLEY RD,,GA,,Tax Delinquent / Tax Sale
2050 BRITT RD,,GA,,Tax Delinquent / Tax Sale
3994 PINE HILL DR,,GA,,Tax Delinquent / Tax Sale
0 GRANT DR,,GA,,Tax Delinquent / Tax Sale
3992 PINE HILL DR,,GA,,Tax Delinquent / Tax Sale
6695 JOHN WEST RD,,GA,,Tax Delinquent / Tax Sale
6685 JOHN WEST RD,,GA,,Tax Delinquent / Tax Sale
0 KING DR,,GA,,Tax Delinquent / Tax Sale
7001 CONCOURSE PKWY,,GA,,Tax Delinquent / Tax Sale
2744 MANN RD,,GA,,Tax Delinquent / Tax Sale
7887 POPPY SEED PL,,GA,,Tax Delinquent / Tax Sale
14031 VETERANS MEMORIAL HWY,,GA,,Tax Delinquent / Tax Sale
7944 SMITH RD,,GA,,Tax Delinquent / Tax Sale
8560 ANDY MOUNTAIN CT,,GA,,Tax Delinquent / Tax Sale
2564 GRAYTON LOOP,,GA,,Tax Delinquent / Tax Sale
4008 JEFFER'S PTE,,GA,,Tax Delinquent / Tax Sale
4010 JEFFER'S PTE,,GA,,Tax Delinquent / Tax Sale
6002 OAKBROOK CT,,GA,,Tax Delinquent / Tax Sale
5012 CAMBRIDGE LN,,GA,,Tax Delinquent / Tax Sale
2702 MARINER WAY,,GA,,Tax Delinquent / Tax Sale
2638 NEIGHBORHOOD WALK,,GA,,Tax Delinquent / Tax Sale
2640 NEIGHBORHOOD WALK,,GA,,Tax Delinquent / Tax Sale
2642 NEIGHBORHOOD WALK,,GA,,Tax Delinquent / Tax Sale
2648 NEIGHBORHOOD WALK S,,GA,,Tax Delinquent / Tax Sale
2666 NEIGHBORHOOD WALK S,,GA,,Tax Delinquent / Tax Sale
1042 OVERLOOK DR,,GA,,Tax Delinquent / Tax Sale
0 CONNERS RD,,GA,,Tax Delinquent / Tax Sale
9999 BRIDGEWATER PTE,,GA,,Tax Delinquent / Tax Sale
1049 SOUTHWOOD DR,,GA,,Tax Delinquent / Tax Sale
8308 CONNERS RD,,GA,,Tax Delinquent / Tax Sale
2355 MOUNTAIN TOP RD,,GA,,Tax Delinquent / Tax Sale
0 TYREE RD,,GA,,Tax Delinquent / Tax Sale
12821 VETERANS MEMORIAL HWY,,GA,,Tax Delinquent / Tax Sale
8918 ROSE AVE,,GA,,Tax Delinquent / Tax Sale
7004 PINECREST DR,,GA,,Tax Delinquent / Tax Sale
8906 PARADISE ROSE,,GA,,Tax Delinquent / Tax Sale
8373 CHICAGO AVE,,GA,,Tax Delinquent / Tax Sale
0 TIMBER LANE DR,,GA,,Tax Delinquent / Tax Sale
1892 S FLAT ROCK RD,,GA,,Tax Delinquent / Tax Sale
2180 S FLAT ROCK RD 30134 014,,GA,,Tax Delinquent / Tax Sale
0 S FLAT ROCK RD,,GA,,Tax Delinquent / Tax Sale
0 FLAT ROCK S OFF,,GA,,Tax Delinquent / Tax Sale
7570 INDIAN TRL,,GA,,Tax Delinquent / Tax Sale
7522 POCAHONTAS DR,,GA,,Tax Delinquent / Tax Sale
1885 OAK DR,,GA,,Tax Delinquent / Tax Sale
7571 CORN CRIB LOOP S,,GA,,Tax Delinquent / Tax Sale
1969 DELTA DR,,GA,,Tax Delinquent / Tax Sale
1949 DELTA DR,,GA,,Tax Delinquent / Tax Sale
7705 JUDGE AVE,,GA,,Tax Delinquent / Tax Sale
2510 SONOMA VLY 30180 874,,GA,,Tax Delinquent / Tax Sale
32 ROBIN RD,,GA,,Tax Delinquent / Tax Sale
9900 STOCKMAR RD,,GA,,Tax Delinquent / Tax Sale
2030 STONEBROOK CIR,,GA,,Tax Delinquent / Tax Sale
3010 STONEBROOK CV,,GA,,Tax Delinquent / Tax Sale
0 CAUSEY RD,,GA,,Tax Delinquent / Tax Sale
3309 CAUSEY RD,,GA,,Tax Delinquent / Tax Sale
3444 CENTER ST,,GA,,Tax Delinquent / Tax Sale
1828 POTOMAC PL,,GA,,Tax Delinquent / Tax Sale
7731 GOVERNOR'S LN,,GA,,Tax Delinquent / Tax Sale
7622 AUTUMN BREEZE,,GA,,Tax Delinquent / Tax Sale
7416 WESTWOOD RD,,GA,,Tax Delinquent / Tax Sale
0 CEDAR MOUNTAIN RD,,GA,,Tax Delinquent / Tax Sale
8106 BROOKBEND DR,,GA,,Tax Delinquent / Tax Sale
1392 BRITTAIN RD,,GA,,Tax Delinquent / Tax Sale
0 BRITTAIN RD,,GA,,Tax Delinquent / Tax Sale
8555 HIGH POINT RD,,GA,,Tax Delinquent / Tax Sale
0 OLD DOUGLASVILLE RD,,GA,,Tax Delinquent / Tax Sale
6437 GORDON ST,,GA,,Tax Delinquent / Tax Sale
2340 PACES ESTATES DR,,GA,,Tax Delinquent / Tax Sale
0 HAZEL ST,,GA,,Tax Delinquent / Tax Sale
352 GREYSTONE LN,,GA,,Tax Delinquent / Tax Sale
347 GREYSTONE LN,,GA,,Tax Delinquent / Tax Sale
0 VETERANS MEMORIAL HWY,,GA,,Tax Delinquent / Tax Sale
6647 MILLER ST,,GA,,Tax Delinquent / Tax Sale
6728 BAKER DR,,GA,,Tax Delinquent / Tax Sale
607 PRINCESS CIR,,GA,,Tax Delinquent / Tax Sale
0 CHARLESTON PL,,GA,,Tax Delinquent / Tax Sale
6753 SUNSET LN,,GA,,Tax Delinquent / Tax Sale
545 BOULDER PARK DR,,GA,,Tax Delinquent / Tax Sale
3120 PARK CT,,GA,,Tax Delinquent / Tax Sale
6590 OLD BEULAH RD,,GA,,Tax Delinquent / Tax Sale
0 LITTLE RD,,GA,,Tax Delinquent / Tax Sale
4404 BOYD RD,,GA,,Tax Delinquent / Tax Sale
570 N BURNT HICKORY RD,,GA,,Tax Delinquent / Tax Sale
709 W SPRING DR,,GA,,Tax Delinquent / Tax Sale
0 CLARE LN,,GA,,Tax Delinquent / Tax Sale
4415 CLARE LN,,GA,,Tax Delinquent / Tax Sale
6993 TAMMY LN,,GA,,Tax Delinquent / Tax Sale
3772 WESLEY DR,,GA,,Tax Delinquent / Tax Sale
2156 SKYVIEW DR,,GA,,Tax Delinquent / Tax Sale
1664 BRUMBY CIR,,GA,,Tax Delinquent / Tax Sale
831 SINYARD RD,,GA,,Tax Delinquent / Tax Sale
4427 BLUEBIRD LN,,GA,,Tax Delinquent / Tax Sale
4433 CANARY CT,,GA,,Tax Delinquent / Tax Sale
7126 BLUEBIRD LN,,GA,,Tax Delinquent / Tax Sale
7075 BLUEBIRD LN,,GA,,Tax Delinquent / Tax Sale
901 DONNER CT,,GA,,Tax Delinquent / Tax Sale
3715 RILEY RD 30134 330,,GA,,Tax Delinquent / Tax Sale
3725 RILEY RD,,GA,,Tax Delinquent / Tax Sale
3763 RILEY RD,,GA,,Tax Delinquent / Tax Sale
3781 RILEY RD,,GA,,Tax Delinquent / Tax Sale
0 RILEY RD OFF,,GA,,Tax Delinquent / Tax Sale
7282 N COUNTY LINE RD,,GA,,Tax Delinquent / Tax Sale
7233 LORENE LN,,GA,,Tax Delinquent / Tax Sale
7336 MT VERNON RD,,GA,,Tax Delinquent / Tax Sale
995 ASPEN DR,,GA,,Tax Delinquent / Tax Sale
1791 SILVERDALE LN,,GA,,Tax Delinquent / Tax Sale
3661 GROOVER LAKE RD,,GA,,Tax Delinquent / Tax Sale
1092 BUCKBOARD CT,,GA,,Tax Delinquent / Tax Sale
3388 HUNTINGTON CT,,GA,,Tax Delinquent / Tax Sale
6810 WOOD GATE WAY,,GA,,Tax Delinquent / Tax Sale
1042 CAVE SPRINGS RD,,GA,,Tax Delinquent / Tax Sale
1161 HUEY RD,,GA,,Tax Delinquent / Tax Sale
6215 GROVENER AVE,,GA,,Tax Delinquent / Tax Sale
1315 HUEY RD,,GA,,Tax Delinquent / Tax Sale
3975 HERSHEL DR,,GA,,Tax Delinquent / Tax Sale
0 BLAIRS BRIDGE RD,,GA,,Tax Delinquent / Tax Sale
0 BRAMBLE OAK DR OFF,,GA,,Tax Delinquent / Tax Sale
7712 AUTRY CIR 728,,GA,,Tax Delinquent / Tax Sale
6963 STONERIDGE DR,,GA,,Tax Delinquent / Tax Sale
7057 STONERIDGE DR,,GA,,Tax Delinquent / Tax Sale
1144 FOXWOOD DR,,GA,,Tax Delinquent / Tax Sale
1125 THACKERY PL,,GA,,Tax Delinquent / Tax Sale
6332 LINECREST DR,,GA,,Tax Delinquent / Tax Sale
7930 TOWER DR,,GA,,Tax Delinquent / Tax Sale
6214 KIRKWOOD PL,,GA,,Tax Delinquent / Tax Sale
0 WOODCREEK WAY OFF,,GA,,Tax Delinquent / Tax Sale
0 MIMOSA LN OFF,,GA,,Tax Delinquent / Tax Sale
8029 B GREEN ST,,GA,,Tax Delinquent / Tax Sale
8029 GREEN ST,,GA,,Tax Delinquent / Tax Sale
0 GREEN ST,,GA,,Tax Delinquent / Tax Sale
8024 GREEN ST,,GA,,Tax Delinquent / Tax Sale
7955 KAMIRA CT,,GA,,Tax Delinquent / Tax Sale
7954 KAMIRA CT,,GA,,Tax Delinquent / Tax Sale
3463 SUMMERLIN PKWY,,GA,,Tax Delinquent / Tax Sale
808 FACTORY SHOALS RD,,GA,,Tax Delinquent / Tax Sale
1664 TRAIL CREEK DR,,GA,,Tax Delinquent / Tax Sale
3524 N COUNTY LINE RD,,GA,,Tax Delinquent / Tax Sale
4270 W LINDA DR,,GA,,Tax Delinquent / Tax Sale
8077 DURELEE LN,,GA,,Tax Delinquent / Tax Sale
0 ELLIS ST,,GA,,Tax Delinquent / Tax Sale
6197 E STRICKLAND ST,,GA,,Tax Delinquent / Tax Sale
8205 OAK ST,,GA,,Tax Delinquent / Tax Sale
6085 HILL ST,,GA,,Tax Delinquent / Tax Sale
8176 CONNALLY DR,,GA,,Tax Delinquent / Tax Sale
4289 MIDWAY DR,,GA,,Tax Delinquent / Tax Sale
4212 MIDVIEW DR,,GA,,Tax Delinquent / Tax Sale
1730 MT BERRY DR,,GA,,Tax Delinquent / Tax Sale
0 W COUNTY LINE RD,,GA,,Tax Delinquent / Tax Sale
1837 ORIOLE TRL,,GA,,Tax Delinquent / Tax Sale
0 WINDING CREEK DR OFF,,GA,,Tax Delinquent / Tax Sale
2680 TRAIL CREEK CIR,,GA,,Tax Delinquent / Tax Sale
0 DOUGLAS HILL RD,,GA,,Tax Delinquent / Tax Sale
1875 MT VERNON RD,,GA,,Tax Delinquent / Tax Sale
2395 JUSTINE TER,,GA,,Tax Delinquent / Tax Sale
2012 AYLA DR,,GA,,Tax Delinquent / Tax Sale
1036 CASTANEA DR,,GA,,Tax Delinquent / Tax Sale
3641 W COUNTY LINE RD,,GA,,Tax Delinquent / Tax Sale
3624 COLONIAL TRL,,GA,,Tax Delinquent / Tax Sale
3647 SULLIVAN DR,,GA,,Tax Delinquent / Tax Sale
2021 S COUNTY LINE RD,,GA,,Tax Delinquent / Tax Sale
2040 CHESTNUT LOG DR,,GA,,Tax Delinquent / Tax Sale
2256 CHESTNUT LOG DR,,GA,,Tax Delinquent / Tax Sale
2055 CHESTNUT LOG DR,,GA,,Tax Delinquent / Tax Sale
0 RIVERSIDE PKWY,,GA,,Tax Delinquent / Tax Sale
2240 HUCKLEBERRY LN,,GA,,Tax Delinquent / Tax Sale
2191 CEDAR CREEK LN,,GA,,Tax Delinquent / Tax Sale
8660 CHESTNUT LN,,GA,,Tax Delinquent / Tax Sale
3830 S COUNTY LINE RD,,GA,,Tax Delinquent / Tax Sale
2222 LEE RD,,GA,,Tax Delinquent / Tax Sale
2166 TERRY LN,,GA,,Tax Delinquent / Tax Sale
8733 N VIEW DR,,GA,,Tax Delinquent / Tax Sale
3867 W WAY DR,,GA,,Tax Delinquent / Tax Sale
8969 MEADOW DR,,GA,,Tax Delinquent / Tax Sale
3616 MEADOWVIEW DR,,GA,,Tax Delinquent / Tax Sale
3676 MEADOWVIEW DR,,GA,,Tax Delinquent / Tax Sale
5796 LARCH LN,,GA,,Tax Delinquent / Tax Sale
9279 PARKWOOD AVE,,GA,,Tax Delinquent / Tax Sale
6923 SPRING VALLEY CT,,GA,,Tax Delinquent / Tax Sale
5585 TOCCOA DR,,GA,,Tax Delinquent / Tax Sale
4192 E CHAPEL HILL RD,,GA,,Tax Delinquent / Tax Sale
4232 DANIELL DR 30187 316,,GA,,Tax Delinquent / Tax Sale
3493 STONINGTON CT 30135 701,,GA,,Tax Delinquent / Tax Sale
7982 DOWNS RD,,GA,,Tax Delinquent / Tax Sale
3867 PAUL ST,,GA,,Tax Delinquent / Tax Sale
6285 E SHORE CIR,,GA,,Tax Delinquent / Tax Sale
3260 HWY 166,,GA,,Tax Delinquent / Tax Sale
3506 SCENIC DR,,GA,,Tax Delinquent / Tax Sale
6031 LYNDALE ST,,GA,,Tax Delinquent / Tax Sale
8061 GLASGOW CT,,GA,,Tax Delinquent / Tax Sale
1036 SOUTHWOOD DR,,GA,,Tax Delinquent / Tax Sale
6387 TYREE RD,,GA,,Tax Delinquent / Tax Sale
2231 CORKSCREW WAY,,GA,,Tax Delinquent / Tax Sale
2513 SONOMA VLY,,GA,,Tax Delinquent / Tax Sale
1741 JEFFERSON LN,,GA,,Tax Delinquent / Tax Sale
10301 VETERANS MEMORIAL HWY,,GA,,Tax Delinquent / Tax Sale
7210 LINDA DR,,GA,,Tax Delinquent / Tax Sale
6374 HILLVIEW LN,,GA,,Tax Delinquent / Tax Sale
7712 AUTRY CIR 624,,GA,,Tax Delinquent / Tax Sale
7654 FOREST GLEN WAY,,GA,,Tax Delinquent / Tax Sale
3669 BRIAR DR,,GA,,Tax Delinquent / Tax Sale
5492 LEGACY TRL,,GA,,Tax Delinquent / Tax Sale
8040 BANKS MILL RD,,GA,,Tax Delinquent / Tax Sale
6743 JAMES D. SIMPSON AVE,,GA,,Tax Delinquent / Tax Sale
1113 LOCKHART WAY,,GA,,Tax Delinquent / Tax Sale
2116 STILLHAVEN PL,,GA,,Tax Delinquent / Tax Sale
2124 STILLHAVEN PL,,GA,,Tax Delinquent / Tax Sale
2115 STILLHAVEN PL,,GA,,Tax Delinquent / Tax Sale
2107 STILLHAVEN PL,,GA,,Tax Delinquent / Tax Sale
3525 RED MAPLE CT,,GA,,Tax Delinquent / Tax Sale
4703 GLEN RIDGE CIR,,GA,,Tax Delinquent / Tax Sale
4763 WAVERLY WALK,,GA,,Tax Delinquent / Tax Sale
4136 GREEN FIELD DR,,GA,,Tax Delinquent / Tax Sale
6604 BRIARCLIFF DR,,GA,,Tax Delinquent / Tax Sale
2604 BOMAR RD,,GA,,Tax Delinquent / Tax Sale
7352 MASON FALLS DR,,GA,,Tax Delinquent / Tax Sale
6339 EXECUTIVE DR,,GA,,Tax Delinquent / Tax Sale
6065 COWAN MILL RD,,GA,,Tax Delinquent / Tax Sale
2757 JACOB LN,,GA,,Tax Delinquent / Tax Sale
0 HUNT RD,,GA,,Tax Delinquent / Tax Sale
2851 N MCKOY RD,,GA,,Tax Delinquent / Tax Sale
0 N MCKOY RD,,GA,,Tax Delinquent / Tax Sale
7932 MATTIE MCCOY LN,,GA,,Tax Delinquent / Tax Sale
0 PARK RD,,GA,,Tax Delinquent / Tax Sale
2520 GOLD HILL CT,,GA,,Tax Delinquent / Tax Sale
1038 OVERLOOK DR,,GA,,Tax Delinquent / Tax Sale
6188 TYREE RD,,GA,,Tax Delinquent / Tax Sale
7525 CEDAR MOUNTAIN RD,,GA,,Tax Delinquent / Tax Sale
10741 VETERANS MEMORIAL HWY,,GA,,Tax Delinquent / Tax Sale
3866 SPRING DR,,GA,,Tax Delinquent / Tax Sale
6786 TRALEE DR,,GA,,Tax Delinquent / Tax Sale
3231 RILEY RD,,GA,,Tax Delinquent / Tax Sale
1056 SILVER MOON TRL,,GA,,Tax Delinquent / Tax Sale
1460 CAIN CT N,,GA,,Tax Delinquent / Tax Sale
8590 CHESTNUT LN,,GA,,Tax Delinquent / Tax Sale
